evolution$generation,evolution$evaluated,macroGravityDecay,macroInnovationDecay,mesoCrossOverProba,mesoMutationProba,mesoInteractionProba,mesoToMacroInnovationThreshold,macroToMesoCrossoverMaxUpdate,macroToMesoMutationMaxUpdate,macroToMesoExchangeMaxUpdate,objective$psiUtility,objective$deltaUtility,objective$gammaUtility,mesoInteractionProba,mesoToMacroInnovationThreshold,macroToMesoCrossoverMaxUpdate,mesoCrossOverProba,macroGravityDecay,psiUtility,deltaUtility,macroInnovationDecay,macroToMesoMutationMaxUpdate,mesoMutationProba,gammaUtility,macroToMesoExchangeMaxUpdate
138,138,0.10073388778987878,0.4245188211665186,0.401059411528596,0.006209284786535117,9.174011959743841E-6,1.2441044326949302,5.492523224245322E-4,1.0E-4,2.0338090245528582E-8,0.028045708572085104,0.39881034891211176,0.01877048676092663,9.174011959743841E-6,1.2441044326949302,5.492523224245322E-4,0.401059411528596,0.10073388778987878,0.028045708572085104,0.39881034891211176,0.4245188211665186,1.0E-4,0.006209284786535117,0.01877048676092663,2.0338090245528582E-8
138,138,0.7537002480387411,0.37514101185851334,0.4345752176753455,0.001,7.72906657960835E-6,1.1819082831536312,2.701410693326145E-4,4.806147792265406E-5,-5.638406150794412E-8,0.2592585020380582,0.5825615287047547,0.1229186284257544,7.72906657960835E-6,1.1819082831536312,2.701410693326145E-4,0.4345752176753455,0.7537002480387411,0.2592585020380582,0.5825615287047547,0.37514101185851334,4.806147792265406E-5,0.001,0.1229186284257544,-5.638406150794412E-8
138,138,1.0837621433968718,0.7683457904222536,0.49996574255650883,0.003111906185810237,9.773092023512799E-6,2.0,7.946822570099824E-4,-1.0E-4,3.558619113892324E-8,0.23286861049325402,0.56072927896136,0.03229092222642915,9.773092023512799E-6,2.0,7.946822570099824E-4,0.49996574255650883,1.0837621433968718,0.23286861049325402,0.56072927896136,0.7683457904222536,-1.0E-4,0.003111906185810237,0.03229092222642915,3.558619113892324E-8
138,138,0.8521690043998073,0.33984308765925886,0.39941269511050087,0.0012874612705049127,7.455891616786675E-6,1.20335421912009,2.9181870579088743E-4,3.125510351057466E-5,-5.289217861649474E-8,1.9682941235025404,0.5060158015914302,0.1883726865728459,7.455891616786675E-6,1.20335421912009,2.9181870579088743E-4,0.39941269511050087,0.8521690043998073,1.9682941235025404,0.5060158015914302,0.33984308765925886,3.125510351057466E-5,0.0012874612705049127,0.1883726865728459,-5.289217861649474E-8
138,138,0.7582242225079496,0.32879319786340644,0.3929546888112109,0.001978961476558619,7.628215960620964E-6,1.2330202152205416,1.636364951267356E-4,2.215559378267408E-5,-8.326757752901528E-8,1.7871377083537814,0.5307368133921884,0.14221984909574026,7.628215960620964E-6,1.2330202152205416,1.636364951267356E-4,0.3929546888112109,0.7582242225079496,1.7871377083537814,0.5307368133921884,0.32879319786340644,2.215559378267408E-5,0.001978961476558619,0.14221984909574026,-8.326757752901528E-8
138,138,0.17885251547221998,0.5488255347102733,0.4244837228138972,0.006471023553325267,8.22634806042347E-6,1.0252705299547502,9.772108219171646E-4,6.088094929267608E-5,-1.1332763943849647E-8,1.4001296044272609,0.5785088607685216,0.14672862391396269,8.22634806042347E-6,1.0252705299547502,9.772108219171646E-4,0.4244837228138972,0.17885251547221998,1.4001296044272609,0.5785088607685216,0.5488255347102733,6.088094929267608E-5,0.006471023553325267,0.14672862391396269,-1.1332763943849647E-8
138,138,0.10897314521315074,0.5014277227427814,0.4177061262067133,0.009465980566487911,8.882868313831394E-6,1.3463141792212174,0.001,1.0E-4,-4.557153129259006E-9,1.1753758128484675,0.4123892264881972,0.11902456187066868,8.882868313831394E-6,1.3463141792212174,0.001,0.4177061262067133,0.10897314521315074,1.1753758128484675,0.4123892264881972,0.5014277227427814,1.0E-4,0.009465980566487911,0.11902456187066868,-4.557153129259006E-9
138,138,0.9987286979018899,0.7591873228245175,0.46842183743132604,0.0026612455578457917,9.772931791118316E-6,1.9713109247152891,8.031965516768667E-4,-5.345492549438682E-5,3.1978839763239706E-8,0.9791551039192132,0.8199672231422372,0.04108648447682128,9.772931791118316E-6,1.9713109247152891,8.031965516768667E-4,0.46842183743132604,0.9987286979018899,0.9791551039192132,0.8199672231422372,0.7591873228245175,-5.345492549438682E-5,0.0026612455578457917,0.04108648447682128,3.1978839763239706E-8
138,138,0.7957359167939574,0.3372939019541489,0.3874193948065603,0.001988576933627376,7.597390813359862E-6,1.2102410732799986,3.0481042503288105E-4,3.603498046543528E-5,-7.665037259761226E-8,-0.01568192811658342,0.657424242028819,0.01791141988710443,7.597390813359862E-6,1.2102410732799986,3.0481042503288105E-4,0.3874193948065603,0.7957359167939574,-0.01568192811658342,0.657424242028819,0.3372939019541489,3.603498046543528E-5,0.001988576933627376,0.01791141988710443,-7.665037259761226E-8
138,138,1.1,0.3548650218873134,0.40149057296706103,0.001,7.626981180640335E-6,1.2475814122842661,5.571302812669755E-4,4.06589639522907E-5,-9.02936598656214E-8,0.24967557334849033,0.41972838298387494,0.1315678043343187,7.626981180640335E-6,1.2475814122842661,5.571302812669755E-4,0.40149057296706103,1.1,0.24967557334849033,0.41972838298387494,0.3548650218873134,4.06589639522907E-5,0.001,0.1315678043343187,-9.02936598656214E-8
138,138,0.6431364932721875,0.3361235062942987,0.38780347289606193,0.002025111582888593,7.408604740592439E-6,1.1639861614056264,2.9238036157960227E-4,2.38845122554511E-5,-7.023081273699942E-8,0.37474418706200385,0.47687614660401234,0.03436854048885429,7.408604740592439E-6,1.1639861614056264,2.9238036157960227E-4,0.38780347289606193,0.6431364932721875,0.37474418706200385,0.47687614660401234,0.3361235062942987,2.38845122554511E-5,0.002025111582888593,0.03436854048885429,-7.023081273699942E-8
138,138,0.14728723823201634,0.48556527461977317,0.42827879376634637,0.008731403624297326,8.440141677950215E-6,1.0625822869310524,8.821781013126498E-4,6.075221138648528E-5,7.871183846334033E-9,0.473888619756603,0.37105567437189,0.16215463554747256,8.440141677950215E-6,1.0625822869310524,8.821781013126498E-4,0.42827879376634637,0.14728723823201634,0.473888619756603,0.37105567437189,0.48556527461977317,6.075221138648528E-5,0.008731403624297326,0.16215463554747256,7.871183846334033E-9
138,138,0.1397580754059003,0.50262066033124,0.423886868320152,0.010000000000000002,8.724104755184114E-6,1.3579276565294032,8.862073563677532E-4,1.0E-4,-4.224221006662688E-9,1.0332626529372302,0.517119193975212,0.21313320332116437,8.724104755184114E-6,1.3579276565294032,8.862073563677532E-4,0.423886868320152,0.1397580754059003,1.0332626529372302,0.517119193975212,0.50262066033124,1.0E-4,0.010000000000000002,0.21313320332116437,-4.224221006662688E-9
138,138,1.0303049421078518,1.0130280782554555,0.3163114713986087,0.008437866794750622,5.353892650104412E-6,1.5392683845398236,8.976950015001125E-4,-9.808562759136707E-6,-8.048311462015375E-8,1.7295197381779115,0.7179113246972886,0.1223270159541805,5.353892650104412E-6,1.5392683845398236,8.976950015001125E-4,0.3163114713986087,1.0303049421078518,1.7295197381779115,0.7179113246972886,1.0130280782554555,-9.808562759136707E-6,0.008437866794750622,0.1223270159541805,-8.048311462015375E-8
138,138,0.7750318171705006,0.3398393273138105,0.3849950130858516,0.0013010908813067487,6.672758981857355E-6,1.1639362145352252,3.225334395457822E-4,4.505895925386098E-5,-9.959655840294084E-8,0.2202661470601015,0.48158447227710877,0.07567572803218336,6.672758981857355E-6,1.1639362145352252,3.225334395457822E-4,0.3849950130858516,0.7750318171705006,0.2202661470601015,0.48158447227710877,0.3398393273138105,4.505895925386098E-5,0.0013010908813067487,0.07567572803218336,-9.959655840294084E-8
138,138,0.998882919178984,0.7694499506746081,0.46169284701320457,0.003037932457833091,9.751367701277492E-6,1.9585858295746088,8.027599101380009E-4,-5.350125469974123E-5,3.7263082205510324E-8,0.4560477014502027,0.6052771732466642,0.11456354357437704,9.751367701277492E-6,1.9585858295746088,8.027599101380009E-4,0.46169284701320457,0.998882919178984,0.4560477014502027,0.6052771732466642,0.7694499506746081,-5.350125469974123E-5,0.003037932457833091,0.11456354357437704,3.7263082205510324E-8
138,138,0.9422736197233809,0.35983852089432655,0.4010592452628956,0.001,7.448774559557243E-6,1.206196823639411,3.8684457456644446E-4,2.6553733071973108E-5,-1.0E-7,0.08275421434413577,0.36586640168064655,0.18527862638403736,7.448774559557243E-6,1.206196823639411,3.8684457456644446E-4,0.4010592452628956,0.9422736197233809,0.08275421434413577,0.36586640168064655,0.35983852089432655,2.6553733071973108E-5,0.001,0.18527862638403736,-1.0E-7
138,138,0.13971852515149497,0.30094786490078607,0.4509036264752657,0.00806711773046961,8.097014520018162E-6,1.032253268853401,7.393386169439185E-4,5.72264448233371E-5,3.705274535082835E-8,1.1289123404731072,1.0596902854310848,0.11029899951309297,8.097014520018162E-6,1.032253268853401,7.393386169439185E-4,0.4509036264752657,0.13971852515149497,1.1289123404731072,1.0596902854310848,0.30094786490078607,5.72264448233371E-5,0.00806711773046961,0.11029899951309297,3.705274535082835E-8
138,138,0.1559750904729098,0.4900343907224092,0.4068768539841191,0.007915381764860329,9.609277405269829E-6,1.0315461843425968,5.468348306830488E-4,9.037426443704468E-5,1.6078182272064328E-8,1.53395592351215,0.7147269398857174,0.16542281075070076,9.609277405269829E-6,1.0315461843425968,5.468348306830488E-4,0.4068768539841191,0.1559750904729098,1.53395592351215,0.7147269398857174,0.4900343907224092,9.037426443704468E-5,0.007915381764860329,0.16542281075070076,1.6078182272064328E-8
138,138,0.372292395287244,0.48968312234920564,0.40190112706670195,0.008810916489709341,1.0E-5,1.1515425065775302,6.054437510511633E-4,1.0E-4,6.493220903400364E-9,1.357068479055013,0.568818585254296,0.10943386053942739,1.0E-5,1.1515425065775302,6.054437510511633E-4,0.40190112706670195,0.372292395287244,1.357068479055013,0.568818585254296,0.48968312234920564,1.0E-4,0.008810916489709341,0.10943386053942739,6.493220903400364E-9
138,138,1.0159413161127229,0.7756912600297381,0.4499255691138721,0.0030479612837792163,9.761907187332859E-6,1.9499238802541226,9.766019994367188E-4,-5.237087198906963E-5,4.610078433388377E-8,0.530795864975417,0.7730841821714707,0.08235512040471171,9.761907187332859E-6,1.9499238802541226,9.766019994367188E-4,0.4499255691138721,1.0159413161127229,0.530795864975417,0.7730841821714707,0.7756912600297381,-5.237087198906963E-5,0.0030479612837792163,0.08235512040471171,4.610078433388377E-8
138,138,0.7850160381674857,0.3777046315603615,0.43116030014261375,0.001,7.719963359667673E-6,1.3056940278460738,2.478764162014593E-4,4.81897853408013E-5,-4.647041230369486E-8,-0.47213469206270187,0.667037945479203,0.18962540283090412,7.719963359667673E-6,1.3056940278460738,2.478764162014593E-4,0.43116030014261375,0.7850160381674857,-0.47213469206270187,0.667037945479203,0.3777046315603615,4.81897853408013E-5,0.001,0.18962540283090412,-4.647041230369486E-8
138,138,1.1,1.0130280782554555,0.3163114713986087,0.008977319904943392,1.0E-6,1.645102401485838,-3.779698100453173E-4,-9.80856275913672E-6,-8.048311462015375E-8,1.3902141410507514,0.5412521645735797,0.06064809462134502,1.0E-6,1.645102401485838,-3.779698100453173E-4,0.3163114713986087,1.1,1.3902141410507514,0.5412521645735797,1.0130280782554555,-9.80856275913672E-6,0.008977319904943392,0.06064809462134502,-8.048311462015375E-8
138,138,0.7695178012411156,0.33772516311924183,0.3973598637892139,0.0019817285234414723,7.638328383904527E-6,1.1529495763033573,1.622134179195833E-4,1.806330855500264E-5,-1.0E-7,2.2497437268910705,0.7318759295967272,0.08293781630668207,7.638328383904527E-6,1.1529495763033573,1.622134179195833E-4,0.3973598637892139,0.7695178012411156,2.2497437268910705,0.7318759295967272,0.33772516311924183,1.806330855500264E-5,0.0019817285234414723,0.08293781630668207,-1.0E-7
138,138,0.6672683566146842,0.38062998401930415,0.3272866329854964,0.009526692459246627,1.2435346041792254E-6,1.3018298494127576,-2.3536672040341345E-5,9.815559919513647E-5,2.6853426507581813E-8,0.8125628172592299,0.7093704629748183,0.19685211349298104,1.2435346041792254E-6,1.3018298494127576,-2.3536672040341345E-5,0.3272866329854964,0.6672683566146842,0.8125628172592299,0.7093704629748183,0.38062998401930415,9.815559919513647E-5,0.009526692459246627,0.19685211349298104,2.6853426507581813E-8
138,138,0.7611731060495096,0.33385543838742937,0.38643979301913356,0.001997523606385768,7.628147355876935E-6,1.210082587865045,3.1141946319417405E-4,3.2849523529542157E-5,-7.581497320227637E-8,-0.04507571115787368,0.6860020899873636,0.14349437699596024,7.628147355876935E-6,1.210082587865045,3.1141946319417405E-4,0.38643979301913356,0.7611731060495096,-0.04507571115787368,0.6860020899873636,0.33385543838742937,3.2849523529542157E-5,0.001997523606385768,0.14349437699596024,-7.581497320227637E-8
138,138,0.7267707018104982,0.3923873768782492,0.3260863205026662,0.00933910910304589,1.4950730213671343E-6,1.3058674607041914,-4.351507804698574E-4,7.404483891658375E-5,2.608255855483511E-8,1.4269099181145295,0.543067413815586,0.051115991942159766,1.4950730213671343E-6,1.3058674607041914,-4.351507804698574E-4,0.3260863205026662,0.7267707018104982,1.4269099181145295,0.543067413815586,0.3923873768782492,7.404483891658375E-5,0.00933910910304589,0.051115991942159766,2.608255855483511E-8
138,138,0.542203553207737,0.5080511785434743,0.3455299671243264,0.006499216205139724,9.630458423727948E-6,1.0,-0.001,9.464530206400555E-5,1.4405501784448442E-8,0.666656709870109,0.6956948081746379,0.07623219438187157,9.630458423727948E-6,1.0,-0.001,0.3455299671243264,0.542203553207737,0.666656709870109,0.6956948081746379,0.5080511785434743,9.464530206400555E-5,0.006499216205139724,0.07623219438187157,1.4405501784448442E-8
138,138,0.7608123287082612,0.3386845105055465,0.38559836662873714,0.001,6.740007830721533E-6,1.1616518259808624,3.1146775956256145E-4,4.3282317686804485E-5,-7.478871313083509E-8,0.17508634782971022,0.6963811454184521,0.0660909824305822,6.740007830721533E-6,1.1616518259808624,3.1146775956256145E-4,0.38559836662873714,0.7608123287082612,0.17508634782971022,0.6963811454184521,0.3386845105055465,4.3282317686804485E-5,0.001,0.0660909824305822,-7.478871313083509E-8
138,138,0.855170414310933,0.21831991312202126,0.40385501233567656,0.001,7.408469512985654E-6,1.0,3.245972282642164E-4,2.8979036409988964E-5,-6.061315675824031E-8,0.3688701893930908,0.7127969533569276,0.04918510957616462,7.408469512985654E-6,1.0,3.245972282642164E-4,0.40385501233567656,0.855170414310933,0.3688701893930908,0.7127969533569276,0.21831991312202126,2.8979036409988964E-5,0.001,0.04918510957616462,-6.061315675824031E-8
138,138,0.1477033149357842,0.48347366452620544,0.42425800585336526,0.008463303466472723,8.539159147780158E-6,1.0521462694862738,7.921047361712649E-4,6.141675791468641E-5,5.484230384716527E-9,0.8713012493387882,0.509275798674385,0.2737887935676069,8.539159147780158E-6,1.0521462694862738,7.921047361712649E-4,0.42425800585336526,0.1477033149357842,0.8713012493387882,0.509275798674385,0.48347366452620544,6.141675791468641E-5,0.008463303466472723,0.2737887935676069,5.484230384716527E-9
138,138,0.9904074737376083,0.8236901485098582,0.48666715953075607,0.003073884455310649,8.476701683473771E-6,1.8349859793684549,0.001,-2.7624804897561272E-5,3.802571071842831E-8,1.164578966445501,0.39964425441194784,0.08783051595952696,8.476701683473771E-6,1.8349859793684549,0.001,0.48666715953075607,0.9904074737376083,1.164578966445501,0.39964425441194784,0.8236901485098582,-2.7624804897561272E-5,0.003073884455310649,0.08783051595952696,3.802571071842831E-8
138,138,0.1,0.42833838280731784,0.40165280337811016,0.005941978462319775,9.29215799279002E-6,1.2598188203081064,3.387018460150957E-4,1.0E-4,1.0032669185230646E-8,1.8783679832269229,0.28310863130414265,0.0985010330190903,9.29215799279002E-6,1.2598188203081064,3.387018460150957E-4,0.40165280337811016,0.1,1.8783679832269229,0.28310863130414265,0.42833838280731784,1.0E-4,0.005941978462319775,0.0985010330190903,1.0032669185230646E-8
138,138,0.8578620532335631,0.2973965890563091,0.39376793400245724,0.0012883515833870848,7.670335213035846E-6,1.1805254978341237,3.12410848358578E-4,3.136280462098943E-5,-6.465419932295675E-8,0.07795061597663011,0.41136732750873595,0.11501543050485097,7.670335213035846E-6,1.1805254978341237,3.12410848358578E-4,0.39376793400245724,0.8578620532335631,0.07795061597663011,0.41136732750873595,0.2973965890563091,3.136280462098943E-5,0.0012883515833870848,0.11501543050485097,-6.465419932295675E-8
138,138,0.13733065722640445,0.40494178826119287,0.4055937836019362,0.00841057262008736,9.578146747188191E-6,1.0,5.00903474627141E-4,1.0E-4,1.5535200178839185E-8,1.2814842524759644,0.6768916606083302,0.15604981039722166,9.578146747188191E-6,1.0,5.00903474627141E-4,0.4055937836019362,0.13733065722640445,1.2814842524759644,0.6768916606083302,0.40494178826119287,1.0E-4,0.00841057262008736,0.15604981039722166,1.5535200178839185E-8
138,138,0.7787280831869848,0.4266232800753271,0.3896736482161365,0.00304765951377364,7.900105177872382E-6,1.012520426907853,3.0601260225003785E-4,7.501822208470141E-5,-4.311981108165971E-8,-0.0434455688014177,0.717462771898802,0.07262962522892202,7.900105177872382E-6,1.012520426907853,3.0601260225003785E-4,0.3896736482161365,0.7787280831869848,-0.0434455688014177,0.717462771898802,0.4266232800753271,7.501822208470141E-5,0.00304765951377364,0.07262962522892202,-4.311981108165971E-8
138,138,0.6606631452009161,0.6520023129840501,0.34324851637117454,0.010000000000000002,1.158583282475863E-6,1.2342590042471133,1.1083175466874116E-4,9.712267090161924E-5,5.1096372265193624E-8,1.760599491229189,0.730163000296951,0.1615136491899909,1.158583282475863E-6,1.2342590042471133,1.1083175466874116E-4,0.34324851637117454,0.6606631452009161,1.760599491229189,0.730163000296951,0.6520023129840501,9.712267090161924E-5,0.010000000000000002,0.1615136491899909,5.1096372265193624E-8
138,138,0.3612114674798258,0.49052885948578717,0.40128032216751924,0.008141339158093466,1.0E-5,1.1498064165050745,6.148518278536563E-4,1.0E-4,2.172186955756959E-9,1.6045970121913014,0.6952587916994242,0.14938248470540394,1.0E-5,1.1498064165050745,6.148518278536563E-4,0.40128032216751924,0.3612114674798258,1.6045970121913014,0.6952587916994242,0.49052885948578717,1.0E-4,0.008141339158093466,0.14938248470540394,2.172186955756959E-9
138,138,0.9866357516868701,0.7855475101662505,0.46210998715059265,0.0029963306952445756,9.700529276053449E-6,1.9453001551770805,7.840627404195515E-4,-5.0706428904842136E-5,3.7395820339921556E-8,1.875294206048851,0.5091243310292342,0.17448194553715446,9.700529276053449E-6,1.9453001551770805,7.840627404195515E-4,0.46210998715059265,0.9866357516868701,1.875294206048851,0.5091243310292342,0.7855475101662505,-5.0706428904842136E-5,0.0029963306952445756,0.17448194553715446,3.7395820339921556E-8
138,138,0.22984245936919764,0.5339926182459743,0.42297643733599855,0.010000000000000002,8.642051379275578E-6,1.0,7.898015212850107E-4,5.3119714306629556E-5,5.552827933035794E-9,2.036907906466032,0.4779656168807751,0.20535632092165912,8.642051379275578E-6,1.0,7.898015212850107E-4,0.42297643733599855,0.22984245936919764,2.036907906466032,0.4779656168807751,0.5339926182459743,5.3119714306629556E-5,0.010000000000000002,0.20535632092165912,5.552827933035794E-9
138,138,0.1252844883004542,0.4222818616746532,0.40783116139319586,0.009282644041207162,9.568444928031893E-6,1.0,5.861858972523624E-4,1.0E-4,1.6416040258673875E-8,1.282023023791396,0.5634123141295682,0.13691687259404883,9.568444928031893E-6,1.0,5.861858972523624E-4,0.40783116139319586,0.1252844883004542,1.282023023791396,0.5634123141295682,0.4222818616746532,1.0E-4,0.009282644041207162,0.13691687259404883,1.6416040258673875E-8
138,138,0.1,0.3181800268722573,0.4122086568673954,0.006080931575684021,9.133966302911325E-6,1.0411336359119945,2.674404634397489E-4,1.0E-4,1.5227022460064445E-8,1.4697575758460104,0.8224630428221138,0.09625749583110643,9.133966302911325E-6,1.0411336359119945,2.674404634397489E-4,0.4122086568673954,0.1,1.4697575758460104,0.8224630428221138,0.3181800268722573,1.0E-4,0.006080931575684021,0.09625749583110643,1.5227022460064445E-8
138,138,0.2314593944900377,0.39676971418386764,0.4087851271364916,0.008252237443882818,9.13162274189025E-6,1.1279003643567291,3.466675189691237E-4,9.392402101290077E-5,2.7458811935275262E-8,1.291395750016981,0.6279293668991439,0.06457423776211968,9.13162274189025E-6,1.1279003643567291,3.466675189691237E-4,0.4087851271364916,0.2314593944900377,1.291395750016981,0.6279293668991439,0.39676971418386764,9.392402101290077E-5,0.008252237443882818,0.06457423776211968,2.7458811935275262E-8
138,138,1.0044827691413132,0.736672346999276,0.42523304857476846,0.0018185137753303636,9.45335997258324E-6,1.786825603056796,7.336672761348887E-4,-3.751065609464939E-5,-2.5076471943625217E-8,-0.003528552029873566,0.5287536153917625,0.024032673921722925,9.45335997258324E-6,1.786825603056796,7.336672761348887E-4,0.42523304857476846,1.0044827691413132,-0.003528552029873566,0.5287536153917625,0.736672346999276,-3.751065609464939E-5,0.0018185137753303636,0.024032673921722925,-2.5076471943625217E-8
138,138,1.1,0.2958656565559052,0.39149501774079143,0.0011010583718329449,7.197397876097863E-6,1.242038983219456,2.626747710151433E-4,6.0506703266638616E-5,-6.183876702751031E-8,0.12903840360161034,0.7932404792548811,0.09667368411655275,7.197397876097863E-6,1.242038983219456,2.626747710151433E-4,0.39149501774079143,1.1,0.12903840360161034,0.7932404792548811,0.2958656565559052,6.0506703266638616E-5,0.0011010583718329449,0.09667368411655275,-6.183876702751031E-8
138,138,0.8537459651407283,0.29823357929469796,0.39310057677655275,0.001278693770500646,7.671023776742804E-6,1.1792772417019464,3.124559920649017E-4,3.1330547410046816E-5,-6.495005575697598E-8,0.3189348168611703,0.6722551404857402,0.10927585828943975,7.671023776742804E-6,1.1792772417019464,3.124559920649017E-4,0.39310057677655275,0.8537459651407283,0.3189348168611703,0.6722551404857402,0.29823357929469796,3.1330547410046816E-5,0.001278693770500646,0.10927585828943975,-6.495005575697598E-8
138,138,0.10952854490986731,0.3836776047835849,0.40998156065501895,0.008108867250606302,9.158240186946852E-6,1.0666659276524106,2.0773926826979762E-4,9.505079888000183E-5,2.221996282244111E-8,1.2561594199955133,0.7496541923921125,0.11909717034729717,9.158240186946852E-6,1.0666659276524106,2.0773926826979762E-4,0.40998156065501895,0.10952854490986731,1.2561594199955133,0.7496541923921125,0.3836776047835849,9.505079888000183E-5,0.008108867250606302,0.11909717034729717,2.221996282244111E-8
138,138,0.7407863301428927,0.2919450273308388,0.3885490730698484,0.0012288164131138274,7.670155950319205E-6,1.168709135729125,5.194440232710257E-4,3.2308682808309896E-5,-8.9179063394587E-8,-0.028908475248807797,0.7263760165439566,0.11397458868894983,7.670155950319205E-6,1.168709135729125,5.194440232710257E-4,0.3885490730698484,0.7407863301428927,-0.028908475248807797,0.7263760165439566,0.2919450273308388,3.2308682808309896E-5,0.0012288164131138274,0.11397458868894983,-8.9179063394587E-8
138,138,1.1,0.36084520606258663,0.39593445940090005,0.0013293157854306478,7.445997825603408E-6,1.2586381365137984,4.252606580469314E-4,2.8332720021292303E-5,-9.413327412368865E-8,0.003951297658296049,0.4712048970343279,0.1976625876221929,7.445997825603408E-6,1.2586381365137984,4.252606580469314E-4,0.39593445940090005,1.1,0.003951297658296049,0.4712048970343279,0.36084520606258663,2.8332720021292303E-5,0.0013293157854306478,0.1976625876221929,-9.413327412368865E-8
138,138,0.7517632450241796,0.336397660264079,0.30303519925222566,0.009288791244329409,1.7102095934558567E-6,1.3527641846605019,-8.449056314138821E-4,7.641624708799669E-5,2.680195616074277E-8,1.9618197045429708,0.4368039625039737,0.06391688059352507,1.7102095934558567E-6,1.3527641846605019,-8.449056314138821E-4,0.30303519925222566,0.7517632450241796,1.9618197045429708,0.4368039625039737,0.336397660264079,7.641624708799669E-5,0.009288791244329409,0.06391688059352507,2.680195616074277E-8
138,138,1.0078382092816236,0.7311686477821799,0.42671830699334024,0.0010847268180029044,1.0E-5,1.8026958687555583,7.032172407131388E-4,-4.907372759175417E-5,-2.4819492683300013E-9,1.7480080042210266,0.4088840487483507,0.1208100833516168,1.0E-5,1.8026958687555583,7.032172407131388E-4,0.42671830699334024,1.0078382092816236,1.7480080042210266,0.4088840487483507,0.7311686477821799,-4.907372759175417E-5,0.0010847268180029044,0.1208100833516168,-2.4819492683300013E-9
138,138,0.1475705212632728,0.1,0.425434354634572,0.008772407834325611,8.731972465258197E-6,1.0,1.6686813687530094E-4,1.0E-4,3.787227346961949E-9,1.983884164704349,0.3488970438058274,0.05905486659323422,8.731972465258197E-6,1.0,1.6686813687530094E-4,0.425434354634572,0.1475705212632728,1.983884164704349,0.3488970438058274,0.1,1.0E-4,0.008772407834325611,0.05905486659323422,3.787227346961949E-9
138,138,0.3456934930578491,0.8372866036461153,0.4204024622758268,0.00750449936838932,8.088029730841378E-6,1.0809966198124585,0.001,9.843251075415746E-5,3.885295112284351E-9,1.1397276867075146,0.6225108496461935,0.19478022789639393,8.088029730841378E-6,1.0809966198124585,0.001,0.4204024622758268,0.3456934930578491,1.1397276867075146,0.6225108496461935,0.8372866036461153,9.843251075415746E-5,0.00750449936838932,0.19478022789639393,3.885295112284351E-9
138,138,0.1,0.39635873767430074,0.3848583382921307,0.009539532068558978,8.579761030679203E-6,1.0536448773390854,2.7216169553219145E-4,8.954906441996527E-5,3.1450141894276464E-9,1.293256451241065,0.6466735738782594,0.11313480885167149,8.579761030679203E-6,1.0536448773390854,2.7216169553219145E-4,0.3848583382921307,0.1,1.293256451241065,0.6466735738782594,0.39635873767430074,8.954906441996527E-5,0.009539532068558978,0.11313480885167149,3.1450141894276464E-9
138,138,0.7714301568221028,0.34751099007717057,0.2217044838415323,0.006154530379813273,3.2452582380066234E-6,1.104628997121338,-2.3202380935432015E-5,-8.793654268505443E-5,-9.228395074776708E-8,1.7181885317653829,0.3758862236346401,0.12131952225587028,3.2452582380066234E-6,1.104628997121338,-2.3202380935432015E-5,0.2217044838415323,0.7714301568221028,1.7181885317653829,0.3758862236346401,0.34751099007717057,-8.793654268505443E-5,0.006154530379813273,0.12131952225587028,-9.228395074776708E-8
138,138,0.9877576542134953,0.634820873930851,0.4545378776861514,0.0030266194726561568,1.0E-5,1.958039689328456,8.102241214685496E-4,-4.778946540921032E-5,4.5326856146672146E-8,1.3551538148218834,0.47725798228617755,0.08862463528661113,1.0E-5,1.958039689328456,8.102241214685496E-4,0.4545378776861514,0.9877576542134953,1.3551538148218834,0.47725798228617755,0.634820873930851,-4.778946540921032E-5,0.0030266194726561568,0.08862463528661113,4.5326856146672146E-8
138,138,0.7611731060495097,0.3338554383874294,0.38643979301913356,0.001997523606385768,7.6281473558769356E-6,1.210082587865045,3.1141946319417405E-4,3.284952352954213E-5,-7.581497320227637E-8,2.2676976650724487,0.37688894446974786,0.07671835699817997,7.6281473558769356E-6,1.210082587865045,3.1141946319417405E-4,0.38643979301913356,0.7611731060495097,2.2676976650724487,0.37688894446974786,0.3338554383874294,3.284952352954213E-5,0.001997523606385768,0.07671835699817997,-7.581497320227637E-8
138,138,1.1,1.1,0.30426822054173336,0.008079379211988945,1.3406146140590196E-6,1.68084938648579,-3.6443001358569323E-4,-1.6245249514879533E-5,-7.976854653369048E-8,1.0016585329645,0.5747223731678215,0.09955855745406073,1.3406146140590196E-6,1.68084938648579,-3.6443001358569323E-4,0.30426822054173336,1.1,1.0016585329645,0.5747223731678215,1.1,-1.6245249514879533E-5,0.008079379211988945,0.09955855745406073,-7.976854653369048E-8
138,138,0.9980097525338191,0.780299141872277,0.45193107284725403,0.0031401746751438457,1.0E-5,1.9037280996082249,7.890034972450617E-4,-4.903001506777506E-5,4.258222405639558E-8,1.2408480277745038,0.3085665668810611,0.15929624654518904,1.0E-5,1.9037280996082249,7.890034972450617E-4,0.45193107284725403,0.9980097525338191,1.2408480277745038,0.3085665668810611,0.780299141872277,-4.903001506777506E-5,0.0031401746751438457,0.15929624654518904,4.258222405639558E-8
138,138,0.1466510580850006,0.49226678690459635,0.4049100050151513,0.001,9.65974403364136E-6,1.0,-0.001,1.0E-4,1.0E-7,0.05227672885533785,0.6428282187915588,0.027363590927366843,9.65974403364136E-6,1.0,-0.001,0.4049100050151513,0.1466510580850006,0.05227672885533785,0.6428282187915588,0.49226678690459635,1.0E-4,0.001,0.027363590927366843,1.0E-7
138,138,0.9003000399371658,0.4195863313131273,0.40417152206452167,0.0014621142642611688,7.4322005470383165E-6,1.2316958228327102,2.77409404747845E-4,2.8953683091841777E-5,-4.470381173219677E-8,0.09150300833971237,0.4983118768772927,0.028735813354342277,7.4322005470383165E-6,1.2316958228327102,2.77409404747845E-4,0.40417152206452167,0.9003000399371658,0.09150300833971237,0.4983118768772927,0.4195863313131273,2.8953683091841777E-5,0.0014621142642611688,0.028735813354342277,-4.470381173219677E-8
138,138,0.8492064997574883,0.33083972443458853,0.45471157165633935,0.002600532731493674,7.257276386425176E-6,1.2083127343460924,3.3532939958196115E-4,2.498072689404369E-5,-6.21797607202054E-8,1.268595735435071,0.48808148620428327,0.08430353820299885,7.257276386425176E-6,1.2083127343460924,3.3532939958196115E-4,0.45471157165633935,0.8492064997574883,1.268595735435071,0.48808148620428327,0.33083972443458853,2.498072689404369E-5,0.002600532731493674,0.08430353820299885,-6.21797607202054E-8
138,138,0.13570721612221165,0.4924173292711497,0.4050084547457721,0.001,9.690151720903997E-6,1.0,-0.001,1.0E-4,1.0E-7,-0.026720416140232572,0.7283459857729682,0.010204081632653406,9.690151720903997E-6,1.0,-0.001,0.4050084547457721,0.13570721612221165,-0.026720416140232572,0.7283459857729682,0.4924173292711497,1.0E-4,0.001,0.010204081632653406,1.0E-7
138,138,0.1,0.3042634312753896,0.41285810755826724,0.006768333046645442,9.00836515469284E-6,1.0410624033855558,4.1421900076580535E-4,9.079071496663129E-5,1.5633775194196753E-8,0.5029922181927917,0.7995698136583895,0.12432940803542625,9.00836515469284E-6,1.0410624033855558,4.1421900076580535E-4,0.41285810755826724,0.1,0.5029922181927917,0.7995698136583895,0.3042634312753896,9.079071496663129E-5,0.006768333046645442,0.12432940803542625,1.5633775194196753E-8
138,138,0.1,0.45950632750231746,0.4240115754760414,0.008314356124824073,8.336644334003364E-6,1.0453408776636814,7.503441765065828E-4,6.0121012911234055E-5,-1.4504965254244922E-9,1.567481845628644,0.6674060533597785,0.08398533236323136,8.336644334003364E-6,1.0453408776636814,7.503441765065828E-4,0.4240115754760414,0.1,1.567481845628644,0.6674060533597785,0.45950632750231746,6.0121012911234055E-5,0.008314356124824073,0.08398533236323136,-1.4504965254244922E-9
138,138,1.1,0.29753053579969335,0.3949769524000095,0.0012501317292768286,7.665031296029955E-6,1.1760531188163035,-0.001,2.9672838888446904E-5,-7.156406863587174E-8,1.8323429313885193,0.46561001492820164,0.15573106308232276,7.665031296029955E-6,1.1760531188163035,-0.001,0.3949769524000095,1.1,1.8323429313885193,0.46561001492820164,0.29753053579969335,2.9672838888446904E-5,0.0012501317292768286,0.15573106308232276,-7.156406863587174E-8
138,138,0.998882919178984,0.7694499506746081,0.46169284701320457,0.003037932457833091,9.751367701277494E-6,1.9585858295746088,8.027599101380009E-4,-5.350125469974123E-5,3.7263082205510324E-8,0.8572249416294113,0.32103206410845697,0.14149151839443697,9.751367701277494E-6,1.9585858295746088,8.027599101380009E-4,0.46169284701320457,0.998882919178984,0.8572249416294113,0.32103206410845697,0.7694499506746081,-5.350125469974123E-5,0.003037932457833091,0.14149151839443697,3.7263082205510324E-8
138,138,1.0051166163074536,0.7256960448399964,0.4720186679684866,0.0035857902667034668,9.962993844833118E-6,2.0,0.001,-1.0E-4,2.1484516313114915E-8,1.6321593213966419,0.4464747950426995,0.10332315865892827,9.962993844833118E-6,2.0,0.001,0.4720186679684866,1.0051166163074536,1.6321593213966419,0.4464747950426995,0.7256960448399964,-1.0E-4,0.0035857902667034668,0.10332315865892827,2.1484516313114915E-8
138,138,0.1,0.4021097522844397,0.4112542949278848,0.00811131367083204,9.12842777862979E-6,1.0667452562320061,2.717869043971262E-4,9.856950517067756E-5,1.522488830769357E-8,1.1769800972418434,0.5668938178056662,0.04274144309145189,9.12842777862979E-6,1.0667452562320061,2.717869043971262E-4,0.4112542949278848,0.1,1.1769800972418434,0.5668938178056662,0.4021097522844397,9.856950517067756E-5,0.00811131367083204,0.04274144309145189,1.522488830769357E-8
138,138,1.0364667713283866,0.9190344929150154,0.3093415939110554,0.008422943379115361,4.890054776523902E-6,1.4443758995731937,7.708505554557563E-4,-1.7114754349920364E-5,-1.0E-7,0.9295835643581931,0.7022388716399437,0.17374721249920633,4.890054776523902E-6,1.4443758995731937,7.708505554557563E-4,0.3093415939110554,1.0364667713283866,0.9295835643581931,0.7022388716399437,0.9190344929150154,-1.7114754349920364E-5,0.008422943379115361,0.17374721249920633,-1.0E-7
138,138,1.1,0.20061240896050608,0.37601709016516205,0.001,8.052179612019366E-6,1.309724293601874,2.7295081951681736E-4,1.0E-4,-6.232177351371755E-8,-0.004063099771587808,0.48504257446960963,0.010204081632654294,8.052179612019366E-6,1.309724293601874,2.7295081951681736E-4,0.37601709016516205,1.1,-0.004063099771587808,0.48504257446960963,0.20061240896050608,1.0E-4,0.001,0.010204081632654294,-6.232177351371755E-8
138,138,0.9988829191789839,0.7694499506746082,0.46169284701320457,0.0030379324578330906,9.751367918283772E-6,1.9585858296248633,8.027599101380009E-4,-5.350125469974123E-5,3.726308273799645E-8,0.12373303908201194,0.7220722121961396,0.025685841926258668,9.751367918283772E-6,1.9585858296248633,8.027599101380009E-4,0.46169284701320457,0.9988829191789839,0.12373303908201194,0.7220722121961396,0.7694499506746082,-5.350125469974123E-5,0.0030379324578330906,0.025685841926258668,3.726308273799645E-8
138,138,0.7420832486970449,0.31683323255558576,0.396854823241084,0.001275792241920006,7.424008090301712E-6,1.1744103322161528,3.566139478915044E-4,3.4579321206575886E-5,-6.876195053221758E-8,0.27783356077189936,0.7170543621303951,0.1497633180259239,7.424008090301712E-6,1.1744103322161528,3.566139478915044E-4,0.396854823241084,0.7420832486970449,0.27783356077189936,0.7170543621303951,0.31683323255558576,3.4579321206575886E-5,0.001275792241920006,0.1497633180259239,-6.876195053221758E-8
138,138,0.1466510580850006,0.49226678690459635,0.4049100050151513,0.007900353448517552,9.65974403364136E-6,1.0297228432833712,5.151236150769489E-4,9.637349096788007E-5,1.4350874240267553E-8,1.188342546351592,0.5512773506650488,0.19986818463682088,9.65974403364136E-6,1.0297228432833712,5.151236150769489E-4,0.4049100050151513,0.1466510580850006,1.188342546351592,0.5512773506650488,0.49226678690459635,9.637349096788007E-5,0.007900353448517552,0.19986818463682088,1.4350874240267553E-8
138,138,0.14542093063077896,0.4934618871778621,0.4065231634200892,0.007904125347091385,1.0E-5,1.029017793772586,4.3634093898053277E-4,1.0E-4,1.606946522946897E-8,1.3561382710701286,0.7533011310841795,0.13595083918477702,1.0E-5,1.029017793772586,4.3634093898053277E-4,0.4065231634200892,0.14542093063077896,1.3561382710701286,0.7533011310841795,0.4934618871778621,1.0E-4,0.007904125347091385,0.13595083918477702,1.606946522946897E-8
138,138,0.7717423294327997,0.40901866196706116,0.31914816011446767,0.010000000000000002,1.0E-6,1.3974581002074202,-4.399257162411486E-4,6.973831957931017E-5,2.5396524121615686E-8,1.695894712584538,0.5694198000076991,0.15662808678999784,1.0E-6,1.3974581002074202,-4.399257162411486E-4,0.31914816011446767,0.7717423294327997,1.695894712584538,0.5694198000076991,0.40901866196706116,6.973831957931017E-5,0.010000000000000002,0.15662808678999784,2.5396524121615686E-8
138,138,1.1,0.8216779724560985,0.46083811850268325,0.0020742960597558953,7.197267854364631E-6,1.842637477573937,0.001,-1.0E-4,6.649456690666047E-8,0.04186461627997051,0.7440771552765515,0.01969642692701612,7.197267854364631E-6,1.842637477573937,0.001,0.46083811850268325,1.1,0.04186461627997051,0.7440771552765515,0.8216779724560985,-1.0E-4,0.0020742960597558953,0.01969642692701612,6.649456690666047E-8
138,138,0.3408076011295921,0.49268539788502663,0.4213718459738237,0.008195245505583353,8.402890507180445E-6,1.159136011214842,7.92067932470789E-4,8.204414164084197E-5,3.2734119480576546E-9,1.4717459047959136,0.6994705550672222,0.060842193657383525,8.402890507180445E-6,1.159136011214842,7.92067932470789E-4,0.4213718459738237,0.3408076011295921,1.4717459047959136,0.6994705550672222,0.49268539788502663,8.204414164084197E-5,0.008195245505583353,0.060842193657383525,3.2734119480576546E-9
138,138,0.1403179224112134,0.4599514179149726,0.44289121783996754,0.008141501642201694,8.268203898909614E-6,1.0322009036377107,7.501079293331838E-4,6.013349423836173E-5,3.086380219695562E-8,1.0188895360056387,0.2820596539361917,0.059422315355296185,8.268203898909614E-6,1.0322009036377107,7.501079293331838E-4,0.44289121783996754,0.1403179224112134,1.0188895360056387,0.2820596539361917,0.4599514179149726,6.013349423836173E-5,0.008141501642201694,0.059422315355296185,3.086380219695562E-8
138,138,0.1466510580850006,0.49226678690459635,0.40491003309716855,0.007900353428769526,9.659743657688508E-6,1.0297228432833712,5.151236150769485E-4,9.637349096788007E-5,1.4350874240267553E-8,0.5584409552543232,0.3218456631812874,0.08604912676554566,9.659743657688508E-6,1.0297228432833712,5.151236150769485E-4,0.40491003309716855,0.1466510580850006,0.5584409552543232,0.3218456631812874,0.49226678690459635,9.637349096788007E-5,0.007900353428769526,0.08604912676554566,1.4350874240267553E-8
138,138,0.9988510507628214,0.5972646563173919,0.4612797784508565,0.0030373196421111847,1.0E-5,2.0,0.001,1.6415170070842566E-5,3.73683093343323E-8,1.8943463550279915,0.9215083700132336,0.14801660851592402,1.0E-5,2.0,0.001,0.4612797784508565,0.9988510507628214,1.8943463550279915,0.9215083700132336,0.5972646563173919,1.6415170070842566E-5,0.0030373196421111847,0.14801660851592402,3.73683093343323E-8
138,138,0.9908842410845153,0.8223901417108377,0.4886762824476141,0.003098031998000104,8.454314224350457E-6,1.8428441910318636,0.001,-3.209334494778455E-5,3.801408019375435E-8,0.7819698240075965,0.4706174573253872,0.06514235945168245,8.454314224350457E-6,1.8428441910318636,0.001,0.4886762824476141,0.9908842410845153,0.7819698240075965,0.4706174573253872,0.8223901417108377,-3.209334494778455E-5,0.003098031998000104,0.06514235945168245,3.801408019375435E-8
138,138,0.998882919178984,0.7694499506746081,0.46169284701320457,0.003037932457833091,9.751367701277492E-6,1.9585858374221066,8.027599101380009E-4,-5.350125469974123E-5,3.726307413543809E-8,0.16704553134193212,0.3208908721730612,0.012557502186813174,9.751367701277492E-6,1.9585858374221066,8.027599101380009E-4,0.46169284701320457,0.998882919178984,0.16704553134193212,0.3208908721730612,0.7694499506746081,-5.350125469974123E-5,0.003037932457833091,0.012557502186813174,3.726307413543809E-8
138,138,0.251533148566378,0.1,0.33715732940598336,0.006927455699648294,8.31937263984819E-6,1.0,-3.2488120052133907E-4,2.9234948602793306E-5,-1.0623204774256989E-8,0.09894650247774717,0.5576959274148612,0.10715536220424227,8.31937263984819E-6,1.0,-3.2488120052133907E-4,0.33715732940598336,0.251533148566378,0.09894650247774717,0.5576959274148612,0.1,2.9234948602793306E-5,0.006927455699648294,0.10715536220424227,-1.0623204774256989E-8
138,138,0.16980347820015176,0.5072692295578105,0.4000191365441609,0.007398567847463413,9.17449649469403E-6,1.1198482971266646,6.437989009122839E-4,9.657633335729403E-5,8.063734485322403E-9,1.8452673764187737,0.5296203047232293,0.1323974779178938,9.17449649469403E-6,1.1198482971266646,6.437989009122839E-4,0.4000191365441609,0.16980347820015176,1.8452673764187737,0.5296203047232293,0.5072692295578105,9.657633335729403E-5,0.007398567847463413,0.1323974779178938,8.063734485322403E-9
138,138,0.14580354855662786,0.8499245677948387,0.4241944777479808,0.007824547972167886,8.371628672135825E-6,1.0648807408637506,0.001,7.189904179670356E-5,-1.46427495831008E-8,1.905927845626517,0.5694881760140875,0.11282036409078433,8.371628672135825E-6,1.0648807408637506,0.001,0.4241944777479808,0.14580354855662786,1.905927845626517,0.5694881760140875,0.8499245677948387,7.189904179670356E-5,0.007824547972167886,0.11282036409078433,-1.46427495831008E-8
138,138,0.7677575509658431,0.39846722690462977,0.36102606938311743,0.00251993874506227,7.461435220294962E-6,1.0,2.7083756189386944E-4,7.53637922416145E-5,-6.958263764952936E-8,1.1712381262261369,0.45354791938097083,0.15414075350171963,7.461435220294962E-6,1.0,2.7083756189386944E-4,0.36102606938311743,0.7677575509658431,1.1712381262261369,0.45354791938097083,0.39846722690462977,7.53637922416145E-5,0.00251993874506227,0.15414075350171963,-6.958263764952936E-8
138,138,0.9534812334569605,0.5762130997150451,0.46066957437281847,0.0034995185120263077,1.0E-5,2.0,9.335346685726208E-4,1.2812728160736201E-5,3.549612347475015E-8,0.11558911948077011,0.44379118762088243,0.029353319625169405,1.0E-5,2.0,9.335346685726208E-4,0.46066957437281847,0.9534812334569605,0.11558911948077011,0.44379118762088243,0.5762130997150451,1.2812728160736201E-5,0.0034995185120263077,0.029353319625169405,3.549612347475015E-8
138,138,0.1466510580850006,0.49226678690459635,0.4049100056018728,0.007900353459358229,1.0E-5,1.0297228432833712,5.151236150769489E-4,1.0E-4,1.4350874240267553E-8,1.7438160453198899,0.6034620521816914,0.14619304355674512,1.0E-5,1.0297228432833712,5.151236150769489E-4,0.4049100056018728,0.1466510580850006,1.7438160453198899,0.6034620521816914,0.49226678690459635,1.0E-4,0.007900353459358229,0.14619304355674512,1.4350874240267553E-8
138,138,0.6692161327835802,0.39608307109271934,0.3304895305138731,0.010000000000000002,1.5979276849805387E-6,1.289603867466016,7.983542541311001E-5,9.778470586894524E-5,7.606137679363231E-8,1.4529648095988148,0.6859800122413446,0.22513392732187487,1.5979276849805387E-6,1.289603867466016,7.983542541311001E-5,0.3304895305138731,0.6692161327835802,1.4529648095988148,0.6859800122413446,0.39608307109271934,9.778470586894524E-5,0.010000000000000002,0.22513392732187487,7.606137679363231E-8
138,138,0.7421849753549993,0.31695270951910715,0.38775160202614645,0.0012547615357560802,7.592479669063105E-6,1.1768071323212932,3.192849447657732E-4,3.411350755462039E-5,-6.928260504549568E-8,-0.023522014638273525,0.3104903010840001,0.33320944852893764,7.592479669063105E-6,1.1768071323212932,3.192849447657732E-4,0.38775160202614645,0.7421849753549993,-0.023522014638273525,0.3104903010840001,0.31695270951910715,3.411350755462039E-5,0.0012547615357560802,0.33320944852893764,-6.928260504549568E-8
138,138,0.8585006205086071,0.40871135133249936,0.3149492788091036,0.010000000000000002,1.0E-6,1.3751965361675111,-5.07420278791538E-4,6.937598011833825E-5,2.5134246476994148E-8,1.9436076301904506,0.6611655391330205,0.08243004838004087,1.0E-6,1.3751965361675111,-5.07420278791538E-4,0.3149492788091036,0.8585006205086071,1.9436076301904506,0.6611655391330205,0.40871135133249936,6.937598011833825E-5,0.010000000000000002,0.08243004838004087,2.5134246476994148E-8
138,138,0.7705191808770414,0.408963104370778,0.388438362278646,0.002094122417676564,7.786932780313784E-6,1.0,3.0745537217156125E-4,7.532260830953669E-5,-4.05639880083138E-8,0.6921063407216126,0.4856513506311355,0.08087690974425055,7.786932780313784E-6,1.0,3.0745537217156125E-4,0.388438362278646,0.7705191808770414,0.6921063407216126,0.4856513506311355,0.408963104370778,7.532260830953669E-5,0.002094122417676564,0.08087690974425055,-4.05639880083138E-8
138,138,1.1,0.3558807994834362,0.2,0.005964685640258192,2.645545020126526E-6,1.1150896097796599,-1.965935544910233E-4,-7.379268489713703E-5,-1.0E-7,1.1704654712031664,0.5409894908291699,0.14084619962810674,2.645545020126526E-6,1.1150896097796599,-1.965935544910233E-4,0.2,1.1,1.1704654712031664,0.5409894908291699,0.3558807994834362,-7.379268489713703E-5,0.005964685640258192,0.14084619962810674,-1.0E-7
138,138,1.0008633794934265,0.7256605461064399,0.4347613353650468,0.0014191160691971205,9.230499488085558E-6,1.8786121217910514,7.969559795131355E-4,-5.3315179598357074E-5,1.4199700049782553E-8,-0.39409108692792394,0.538573754813803,0.16809582416808055,9.230499488085558E-6,1.8786121217910514,7.969559795131355E-4,0.4347613353650468,1.0008633794934265,-0.39409108692792394,0.538573754813803,0.7256605461064399,-5.3315179598357074E-5,0.0014191160691971205,0.16809582416808055,1.4199700049782553E-8
138,138,0.22447480058934882,0.5413766207093063,0.4231278918787844,0.010000000000000002,8.67490835220131E-6,1.07492727985856,7.855402157368474E-4,4.28166047324469E-5,6.011724210127969E-9,0.7636794422656101,0.5250511993967475,0.17983820035060294,8.67490835220131E-6,1.07492727985856,7.855402157368474E-4,0.4231278918787844,0.22447480058934882,0.7636794422656101,0.5250511993967475,0.5413766207093063,4.28166047324469E-5,0.010000000000000002,0.17983820035060294,6.011724210127969E-9
138,138,0.1466510580850006,0.49226678690459635,0.4049100056018728,0.007900353459358227,9.65974405148434E-6,1.0297228432833712,5.151236150769489E-4,9.637349096788007E-5,1.4350874240267553E-8,1.4307291354056924,0.5166065113090852,0.20213889650014139,9.65974405148434E-6,1.0297228432833712,5.151236150769489E-4,0.4049100056018728,0.1466510580850006,1.4307291354056924,0.5166065113090852,0.49226678690459635,9.637349096788007E-5,0.007900353459358227,0.20213889650014139,1.4350874240267553E-8
138,138,0.10992101948788355,0.22576578707913572,0.32686609610648254,0.007330012117733608,8.584331452511833E-6,1.04430854632311,-4.4712502303344466E-4,3.711612118408141E-5,-1.3584222969564504E-9,0.29519463700663007,0.6393571214380991,0.0724661265365194,8.584331452511833E-6,1.04430854632311,-4.4712502303344466E-4,0.32686609610648254,0.10992101948788355,0.29519463700663007,0.6393571214380991,0.22576578707913572,3.711612118408141E-5,0.007330012117733608,0.0724661265365194,-1.3584222969564504E-9
138,138,0.7611731060495097,0.3338554383874295,0.38643979301913356,0.001997523606385768,7.628147960839791E-6,1.2100825467350467,3.1141946319417405E-4,3.284952352954213E-5,-7.581497320227637E-8,0.5651994426016174,0.6177387059808268,0.04666795988191019,7.628147960839791E-6,1.2100825467350467,3.1141946319417405E-4,0.38643979301913356,0.7611731060495097,0.5651994426016174,0.6177387059808268,0.3338554383874295,3.284952352954213E-5,0.001997523606385768,0.04666795988191019,-7.581497320227637E-8
138,138,0.1,1.0738256425821124,0.23121966333882157,0.0014113520791351132,9.090219374569586E-6,1.3318242872157446,8.854526236297137E-4,8.298934147353298E-5,-3.292123744638003E-9,-0.1632418048090667,0.6187657896722891,0.0772874835969013,9.090219374569586E-6,1.3318242872157446,8.854526236297137E-4,0.23121966333882157,0.1,-0.1632418048090667,0.6187657896722891,1.0738256425821124,8.298934147353298E-5,0.0014113520791351132,0.0772874835969013,-3.292123744638003E-9
138,138,1.0064332572989123,0.7395618415513691,0.42543063526498864,0.0012810499680445788,1.0E-5,1.7978641979916108,7.255184387982543E-4,-4.840202190612796E-5,1.0384865878155621E-9,0.05727459587726624,0.5224826299458316,0.02499630286897414,1.0E-5,1.7978641979916108,7.255184387982543E-4,0.42543063526498864,1.0064332572989123,0.05727459587726624,0.5224826299458316,0.7395618415513691,-4.840202190612796E-5,0.0012810499680445788,0.02499630286897414,1.0384865878155621E-9
138,138,0.6444593095699799,0.4867254410814724,0.4312324430661494,0.008269151419430418,7.941587823027701E-6,1.1287929719534935,-0.001,5.772955741007421E-5,-1.0E-7,1.062415958661751,0.5066425428652712,0.25539828185383584,7.941587823027701E-6,1.1287929719534935,-0.001,0.4312324430661494,0.6444593095699799,1.062415958661751,0.5066425428652712,0.4867254410814724,5.772955741007421E-5,0.008269151419430418,0.25539828185383584,-1.0E-7
138,138,0.7782614975133019,0.32937762478095534,0.3872097422522045,0.001,7.593362079570325E-6,1.210473609170069,3.611254178320464E-4,3.457217560171636E-5,-7.572691083418549E-8,0.15404324256509394,0.6668745113488921,0.21046577918557396,7.593362079570325E-6,1.210473609170069,3.611254178320464E-4,0.3872097422522045,0.7782614975133019,0.15404324256509394,0.6668745113488921,0.32937762478095534,3.457217560171636E-5,0.001,0.21046577918557396,-7.572691083418549E-8
138,138,0.9982743671013473,0.7585418214048711,0.45922514516783963,0.003027904994090791,9.684409370197916E-6,1.962497964677318,9.442520726816366E-4,-5.3542392522321345E-5,4.49243582762506E-8,2.338687729957444,0.5346853385301751,0.07533650352457588,9.684409370197916E-6,1.962497964677318,9.442520726816366E-4,0.45922514516783963,0.9982743671013473,2.338687729957444,0.5346853385301751,0.7585418214048711,-5.3542392522321345E-5,0.003027904994090791,0.07533650352457588,4.49243582762506E-8
138,138,0.1,0.46120092903180065,0.4240056320467471,0.008302019279519755,8.360174978054925E-6,1.046599853868807,7.542965109314937E-4,9.9186133270206E-5,-9.051836900325939E-10,1.5032893462777506,0.217007879902698,0.08241134043164067,8.360174978054925E-6,1.046599853868807,7.542965109314937E-4,0.4240056320467471,0.1,1.5032893462777506,0.217007879902698,0.46120092903180065,9.9186133270206E-5,0.008302019279519755,0.08241134043164067,-9.051836900325939E-10
138,138,0.15543247311611144,0.48655749479643884,0.40490872457035465,0.007857671322450487,9.683896033280261E-6,1.0384413908843417,5.183505036670071E-4,9.791821296140862E-5,1.513216313476677E-8,1.4868095633117853,0.639144621809316,0.1570196957644292,9.683896033280261E-6,1.0384413908843417,5.183505036670071E-4,0.40490872457035465,0.15543247311611144,1.4868095633117853,0.639144621809316,0.48655749479643884,9.791821296140862E-5,0.007857671322450487,0.1570196957644292,1.513216313476677E-8
138,138,1.0212320315189822,0.6725541122745253,0.45687175166782157,0.0022806271156433078,9.098642119565117E-6,1.847520900383817,9.217146973953697E-4,-5.47698050960585E-5,3.6758411593431626E-8,-0.0908072946352032,0.26287481673879665,0.032636576800369355,9.098642119565117E-6,1.847520900383817,9.217146973953697E-4,0.45687175166782157,1.0212320315189822,-0.0908072946352032,0.26287481673879665,0.6725541122745253,-5.47698050960585E-5,0.0022806271156433078,0.032636576800369355,3.6758411593431626E-8
138,138,0.9864376976131658,0.7872603567419211,0.46217788517054825,0.0029787945723944733,9.699790980927088E-6,1.9476682167557735,7.797387613128477E-4,-5.01749455121634E-5,3.802128465081032E-8,1.94464178271677,0.734506015944131,0.10823628212235725,9.699790980927088E-6,1.9476682167557735,7.797387613128477E-4,0.46217788517054825,0.9864376976131658,1.94464178271677,0.734506015944131,0.7872603567419211,-5.01749455121634E-5,0.0029787945723944733,0.10823628212235725,3.802128465081032E-8
